Weight1,Weight2,Weight3,Weight4,Bias
0.009660651449309878,-0.015800185391198266,0.02094638745825508,0.006335746646094075,0.674136628035256
